"","Park","Site","land_use","area_m2","LU_prop","sum_area_m2","Scale","Period"
"1","ARTI","ARTI_10","Water",114078.552203732,0.00242281218432278,47085181.815535,"catchment","1984_1990"
"2","ARTI","ARTI_10","Urban",2191.23083670808,4.65375889444929e-05,47085181.815535,"catchment","1984_1990"
"3","ARTI","ARTI_10","Bare_soil",3931.9855043292,8.35079180480494e-05,47085181.815535,"catchment","1984_1990"
"4","ARTI","ARTI_10","Grassland",949190.977264523,0.020159016927728,47085181.815535,"catchment","1984_1990"
"5","ARTI","ARTI_10","Shrubland",3347171.63076502,0.0710875800348015,47085181.815535,"catchment","1984_1990"
"6","ARTI","ARTI_10","Nat_forest",33529637.498069,0.712105936628377,47085181.815535,"catchment","1984_1990"
"7","ARTI","ARTI_10","Plant_forest",9138979.94089173,0.194094608717778,47085181.815535,"catchment","1984_1990"
"8","AIZK","AIZK_10","Water",28294.0784510463,0.00052815231742397,53571815.3979685,"catchment","1984_1990"
"9","AIZK","AIZK_10","Urban",70699.2180274526,0.00131970920720625,53571815.3979685,"catchment","1984_1990"
"10","AIZK","AIZK_10","Bare_soil",1041355.92077461,0.0194385034936506,53571815.3979685,"catchment","1984_1990"
"11","AIZK","AIZK_10","Grassland",12058855.8489907,0.225097017142488,53571815.3979685,"catchment","1984_1990"
"12","AIZK","AIZK_10","Agriculture",332949.409984924,0.00621501077593779,53571815.3979685,"catchment","1984_1990"
"13","AIZK","AIZK_10","Shrubland",4775484.10531252,0.089141726294637,53571815.3979685,"catchment","1984_1990"
"14","AIZK","AIZK_10","Nat_forest",20270807.9455249,0.378385682750143,53571815.3979685,"catchment","1984_1990"
"15","AIZK","AIZK_10","Plant_forest",14993368.8709023,0.279874198018513,53571815.3979685,"catchment","1984_1990"
"16","ARAL","ARAL_01","Water",13157.9072579838,0.00018939821864897,69472180.6352888,"catchment","1984_1990"
"17","ARAL","ARAL_01","Urban",171074.812588881,0.00246249377843744,69472180.6352888,"catchment","1984_1990"
"18","ARAL","ARAL_01","Bare_soil",1251036.85342239,0.0180077383778985,69472180.6352888,"catchment","1984_1990"
"19","ARAL","ARAL_01","Grassland",15138634.1545891,0.217909298602026,69472180.6352888,"catchment","1984_1990"
"20","ARAL","ARAL_01","Agriculture",320634.916777452,0.0046152994456976,69472180.6352888,"catchment","1984_1990"
"21","ARAL","ARAL_01","Shrubland",4578584.41252887,0.0659052928907654,69472180.6352888,"catchment","1984_1990"
"22","ARAL","ARAL_01","Nat_forest",32234180.4322395,0.463986881331115,69472180.6352888,"catchment","1984_1990"
"23","ARAL","ARAL_01","Plant_forest",15764877.1458846,0.226923597355411,69472180.6352888,"catchment","1984_1990"
"24","IZKI","IZKI_10","Urban",79362.7388721456,0.00182027713642027,43599261.4993886,"catchment","1984_1990"
"25","IZKI","IZKI_10","Bare_soil",117603.625605644,0.00269737655091459,43599261.4993886,"catchment","1984_1990"
"26","IZKI","IZKI_10","Grassland",3603333.6982753,0.082646668185557,43599261.4993886,"catchment","1984_1990"
"27","IZKI","IZKI_10","Agriculture",1496500.40471343,0.0343239851604922,43599261.4993886,"catchment","1984_1990"
"28","IZKI","IZKI_10","Shrubland",4547411.04755222,0.104300185167494,43599261.4993886,"catchment","1984_1990"
"29","IZKI","IZKI_10","Nat_forest",30046714.8697621,0.689156509455636,43599261.4993886,"catchment","1984_1990"
"30","IZKI","IZKI_10","Plant_forest",3708335.11460769,0.0850549983434857,43599261.4993886,"catchment","1984_1990"
"31","GORB","GORB_10","Urban",7848.15267140344,0.00020220097526566,38813624.222594,"catchment","1984_1990"
"32","GORB","GORB_10","Bare_soil",506302.33273957,0.0130444487697401,38813624.222594,"catchment","1984_1990"
"33","GORB","GORB_10","Grassland",5507082.70021657,0.141885299569908,38813624.222594,"catchment","1984_1990"
"34","GORB","GORB_10","Agriculture",277191.686716279,0.00714160793453867,38813624.222594,"catchment","1984_1990"
"35","GORB","GORB_10","Shrubland",7644580.1937318,0.196956103606573,38813624.222594,"catchment","1984_1990"
"36","GORB","GORB_10","Nat_forest",14816202.8312798,0.381726858236935,38813624.222594,"catchment","1984_1990"
"37","GORB","GORB_10","Plant_forest",10054416.3252386,0.25904348090704,38813624.222594,"catchment","1984_1990"
"38","ARTI","ARTI_10","Water",106866.571214782,0.00226964323844876,47085184.7569763,"catchment","1990_1995"
"39","ARTI","ARTI_10","Urban",1966.94834452868,4.17742513846087e-05,47085184.7569763,"catchment","1990_1995"
"40","ARTI","ARTI_10","Bare_soil",3935.58141068791,8.35842830606032e-05,47085184.7569763,"catchment","1990_1995"
"41","ARTI","ARTI_10","Grassland",1311263.65640254,0.0278487524933893,47085184.7569763,"catchment","1990_1995"
"42","ARTI","ARTI_10","Agriculture",5243.55349232256,0.00011136312875029,47085184.7569763,"catchment","1990_1995"
"43","ARTI","ARTI_10","Shrubland",3220645.57546809,0.0684004022091239,47085184.7569763,"catchment","1990_1995"
"44","ARTI","ARTI_10","Nat_forest",33758899.0827752,0.716974973274866,47085184.7569763,"catchment","1990_1995"
"45","ARTI","ARTI_10","Plant_forest",8676363.78786816,0.184269507120977,47085184.7569763,"catchment","1990_1995"
"46","AIZK","AIZK_10","Water",4605.60003019492,8.59492741272974e-05,53585095.1268498,"catchment","1990_1995"
"47","AIZK","AIZK_10","Urban",49574.6773756685,0.00092515796152479,53585095.1268498,"catchment","1990_1995"
"48","AIZK","AIZK_10","Bare_soil",1067154.45631841,0.0199151359868295,53585095.1268498,"catchment","1990_1995"
"49","AIZK","AIZK_10","Grassland",10332708.3828199,0.19282803097316,53585095.1268498,"catchment","1990_1995"
"50","AIZK","AIZK_10","Agriculture",746688.533536896,0.0139346311090666,53585095.1268498,"catchment","1990_1995"
"51","AIZK","AIZK_10","Shrubland",6328173.95084858,0.118095786447111,53585095.1268498,"catchment","1990_1995"
"52","AIZK","AIZK_10","Nat_forest",20350451.325812,0.379778206563546,53585095.1268498,"catchment","1990_1995"
"53","AIZK","AIZK_10","Plant_forest",14705738.2001081,0.274437101684635,53585095.1268498,"catchment","1990_1995"
"54","ARAL","ARAL_01","Water",156638.827415793,0.00225741579592452,69388558.2348563,"catchment","1990_1995"
"55","ARAL","ARAL_01","Urban",140144.667696373,0.00201970859838349,69388558.2348563,"catchment","1990_1995"
"56","ARAL","ARAL_01","Bare_soil",833154.562566553,0.0120070885425608,69388558.2348563,"catchment","1990_1995"
"57","ARAL","ARAL_01","Grassland",12437180.1127947,0.179239638770114,69388558.2348563,"catchment","1990_1995"
"58","ARAL","ARAL_01","Agriculture",1028744.51486712,0.014825852287998,69388558.2348563,"catchment","1990_1995"
"59","ARAL","ARAL_01","Shrubland",6168647.59817415,0.0889000687591088,69388558.2348563,"catchment","1990_1995"
"60","ARAL","ARAL_01","Nat_forest",32878479.7836226,0.473831430137809,69388558.2348563,"catchment","1990_1995"
"61","ARAL","ARAL_01","Plant_forest",15745568.167719,0.226918797108101,69388558.2348563,"catchment","1990_1995"
"62","IZKI","IZKI_10","Urban",16542.7346775118,0.00037952481124151,43588018.9845733,"catchment","1990_1995"
"63","IZKI","IZKI_10","Bare_soil",210135.743459232,0.00482095191189129,43588018.9845733,"catchment","1990_1995"
"64","IZKI","IZKI_10","Grassland",1078521.51211647,0.0247435313015299,43588018.9845733,"catchment","1990_1995"
"65","IZKI","IZKI_10","Agriculture",2002168.62234613,0.0459339210404294,43588018.9845733,"catchment","1990_1995"
"66","IZKI","IZKI_10","Shrubland",6108583.15499966,0.140143628852727,43588018.9845733,"catchment","1990_1995"
"67","IZKI","IZKI_10","Nat_forest",31522435.4689885,0.723190367521519,43588018.9845733,"catchment","1990_1995"
"68","IZKI","IZKI_10","Plant_forest",2649631.74798576,0.0607880745606613,43588018.9845733,"catchment","1990_1995"
"69","GORB","GORB_10","Urban",2630.19281186501,6.71484759223853e-05,39169806.547883,"catchment","1990_1995"
"70","GORB","GORB_10","Bare_soil",470830.570664796,0.0120202424305882,39169806.547883,"catchment","1990_1995"
"71","GORB","GORB_10","Grassland",3712274.66565698,0.0947738830703419,39169806.547883,"catchment","1990_1995"
"72","GORB","GORB_10","Agriculture",380443.528663724,0.00971267315805229,39169806.547883,"catchment","1990_1995"
"73","GORB","GORB_10","Shrubland",9707579.62418063,0.247833228696538,39169806.547883,"catchment","1990_1995"
"74","GORB","GORB_10","Nat_forest",15471796.6019422,0.394992928622936,39169806.547883,"catchment","1990_1995"
"75","GORB","GORB_10","Plant_forest",9424251.36396285,0.240599895545621,39169806.547883,"catchment","1990_1995"
"76","ARTI","ARTI_10","Water",110144.670871143,0.00233906844988878,47089118.2668811,"catchment","1995_2000"
"77","ARTI","ARTI_10","Urban",4589.54953205585,9.74651830608557e-05,47089118.2668811,"catchment","1995_2000"
"78","ARTI","ARTI_10","Grassland",1426305.2086897,0.0302894864288179,47089118.2668811,"catchment","1995_2000"
"79","ARTI","ARTI_10","Agriculture",1966.71699601652,4.17658488500466e-05,47089118.2668811,"catchment","1995_2000"
"80","ARTI","ARTI_10","Shrubland",3764415.72875592,0.0799423702822553,47089118.2668811,"catchment","1995_2000"
"81","ARTI","ARTI_10","Nat_forest",32490367.7386002,0.689976133221663,47089118.2668811,"catchment","1995_2000"
"82","ARTI","ARTI_10","Plant_forest",9291328.65343607,0.197313710585464,47089118.2668811,"catchment","1995_2000"
"83","AIZK","AIZK_10","Water",2631.76332013101,4.90938148197023e-05,53606820.529148,"catchment","1995_2000"
"84","AIZK","AIZK_10","Urban",100406.903754119,0.00187302478981241,53606820.529148,"catchment","1995_2000"
"85","AIZK","AIZK_10","Bare_soil",1224379.48996218,0.0228399945730122,53606820.529148,"catchment","1995_2000"
"86","AIZK","AIZK_10","Grassland",11619679.4524113,0.21675748230756,53606820.529148,"catchment","1995_2000"
"87","AIZK","AIZK_10","Agriculture",221315.325368481,0.00412849191919792,53606820.529148,"catchment","1995_2000"
"88","AIZK","AIZK_10","Shrubland",6280439.9315162,0.117157478647727,53606820.529148,"catchment","1995_2000"
"89","AIZK","AIZK_10","Nat_forest",19203138.9197822,0.358221933892548,53606820.529148,"catchment","1995_2000"
"90","AIZK","AIZK_10","Plant_forest",14954828.7430334,0.278972500055323,53606820.529148,"catchment","1995_2000"
"91","ARAL","ARAL_01","Water",150056.584501567,0.00215851399558947,69518467.2456052,"catchment","1995_2000"
"92","ARAL","ARAL_01","Urban",172121.590021271,0.00247591175181084,69518467.2456052,"catchment","1995_2000"
"93","ARAL","ARAL_01","Bare_soil",1248132.94228156,0.0179539767163159,69518467.2456052,"catchment","1995_2000"
"94","ARAL","ARAL_01","Grassland",12457145.3531997,0.179191887375612,69518467.2456052,"catchment","1995_2000"
"95","ARAL","ARAL_01","Agriculture",517279.502581933,0.00744089337807767,69518467.2456052,"catchment","1995_2000"
"96","ARAL","ARAL_01","Shrubland",6198105.87844196,0.0891576889424844,69518467.2456052,"catchment","1995_2000"
"97","ARAL","ARAL_01","Nat_forest",30383405.1971733,0.437055165353838,69518467.2456052,"catchment","1995_2000"
"98","ARAL","ARAL_01","Plant_forest",18392220.1974039,0.264565962486272,69518467.2456052,"catchment","1995_2000"
"99","IZKI","IZKI_10","Urban",105740.952828765,0.00242529235941502,43599260.2781586,"catchment","1995_2000"
"100","IZKI","IZKI_10","Bare_soil",142516.378922494,0.00326877974564832,43599260.2781586,"catchment","1995_2000"
"101","IZKI","IZKI_10","Grassland",2066878.11985362,0.0474062657638491,43599260.2781586,"catchment","1995_2000"
"102","IZKI","IZKI_10","Agriculture",1448850.37866203,0.0332310770737511,43599260.2781586,"catchment","1995_2000"
"103","IZKI","IZKI_10","Shrubland",4361053.28862584,0.100025855044393,43599260.2781586,"catchment","1995_2000"
"104","IZKI","IZKI_10","Nat_forest",32374995.4462982,0.742558365434393,43599260.2781586,"catchment","1995_2000"
"105","IZKI","IZKI_10","Plant_forest",3099225.71296775,0.0710843645785507,43599260.2781586,"catchment","1995_2000"
"106","GORB","GORB_10","Urban",12501.8193717297,0.00031915908906895,39171121.236747,"catchment","1995_2000"
"107","GORB","GORB_10","Bare_soil",753910.981024108,0.0192466020175305,39171121.236747,"catchment","1995_2000"
"108","GORB","GORB_10","Grassland",4459334.31052731,0.113842396381137,39171121.236747,"catchment","1995_2000"
"109","GORB","GORB_10","Agriculture",63792.9701245586,0.00162857146056655,39171121.236747,"catchment","1995_2000"
"110","GORB","GORB_10","Shrubland",10139539.1662028,0.258852410808469,39171121.236747,"catchment","1995_2000"
"111","GORB","GORB_10","Nat_forest",14474761.7673427,0.369526357947696,39171121.236747,"catchment","1995_2000"
"112","GORB","GORB_10","Plant_forest",9267280.22215375,0.236584502295533,39171121.236747,"catchment","1995_2000"
"113","ARTI","ARTI_10","Water",106210.879305179,0.00225552919229584,47089117.564056,"catchment","2000_2005"
"114","ARTI","ARTI_10","Urban",3277.87587310868,6.96100509560353e-05,47089117.564056,"catchment","2000_2005"
"115","ARTI","ARTI_10","Bare_soil",4587.9285132543,9.7430760026736e-05,47089117.564056,"catchment","2000_2005"
"116","ARTI","ARTI_10","Grassland",966688.408624489,0.0205289132315867,47089117.564056,"catchment","2000_2005"
"117","ARTI","ARTI_10","Shrubland",5872343.80800024,0.124707025991982,47089117.564056,"catchment","2000_2005"
"118","ARTI","ARTI_10","Nat_forest",32026464.0049244,0.680124531137335,47089117.564056,"catchment","2000_2005"
"119","ARTI","ARTI_10","Plant_forest",8109544.65881532,0.172216959635818,47089117.564056,"catchment","2000_2005"
"120","AIZK","AIZK_10","Water",2631.73772431871,4.90933379546819e-05,53606819.865214,"catchment","2000_2005"
"121","AIZK","AIZK_10","Urban",80607.1644921565,0.00150367368731872,53606819.865214,"catchment","2000_2005"
"122","AIZK","AIZK_10","Bare_soil",1124598.46188632,0.0209786453424013,53606819.865214,"catchment","2000_2005"
"123","AIZK","AIZK_10","Grassland",10143900.2811813,0.189227794274806,53606819.865214,"catchment","2000_2005"
"124","AIZK","AIZK_10","Agriculture",261598.645787711,0.00487995084292372,53606819.865214,"catchment","2000_2005"
"125","AIZK","AIZK_10","Shrubland",7718234.87310421,0.143978599971244,53606819.865214,"catchment","2000_2005"
"126","AIZK","AIZK_10","Nat_forest",21006105.2347525,0.391855090221152,53606819.865214,"catchment","2000_2005"
"127","AIZK","AIZK_10","Plant_forest",13269143.4662855,0.247527152322199,53606819.865214,"catchment","2000_2005"
"128","ARAL","ARAL_01","Water",155322.567050931,0.00223422104750107,69519785.0833319,"catchment","2000_2005"
"129","ARAL","ARAL_01","Urban",164432.955628538,0.0023652684689896,69519785.0833319,"catchment","2000_2005"
"130","ARAL","ARAL_01","Bare_soil",1078344.07629575,0.0155113263800106,69519785.0833319,"catchment","2000_2005"
"131","ARAL","ARAL_01","Grassland",10293776.9139327,0.14806974592332,69519785.0833319,"catchment","2000_2005"
"132","ARAL","ARAL_01","Agriculture",739441.72241096,0.0106364212939469,69519785.0833319,"catchment","2000_2005"
"133","ARAL","ARAL_01","Shrubland",8596553.03515202,0.12365620844264,69519785.0833319,"catchment","2000_2005"
"134","ARAL","ARAL_01","Nat_forest",31571728.9437037,0.4541401977273,69519785.0833319,"catchment","2000_2005"
"135","ARAL","ARAL_01","Plant_forest",16920184.8691572,0.243386610716293,69519785.0833319,"catchment","2000_2005"
"136","IZKI","IZKI_10","Urban",115470.829407615,0.00264845842740614,43599260.6917019,"catchment","2000_2005"
"137","IZKI","IZKI_10","Bare_soil",180292.91134269,0.00413522863650311,43599260.6917019,"catchment","2000_2005"
"138","IZKI","IZKI_10","Grassland",1544477.78213478,0.0354244030204104,43599260.6917019,"catchment","2000_2005"
"139","IZKI","IZKI_10","Agriculture",1438527.69509875,0.0329943139465332,43599260.6917019,"catchment","2000_2005"
"140","IZKI","IZKI_10","Shrubland",5937571.64982654,0.136185145243911,43599260.6917019,"catchment","2000_2005"
"141","IZKI","IZKI_10","Nat_forest",31481268.4561073,0.72205968534001,43599260.6917019,"catchment","2000_2005"
"142","IZKI","IZKI_10","Plant_forest",2901651.36778418,0.066552765385227,43599260.6917019,"catchment","2000_2005"
"143","GORB","GORB_10","Urban",6579.23098108729,0.00016803741213761,39153370.0584451,"catchment","2000_2005"
"144","GORB","GORB_10","Bare_soil",592118.531770782,0.0151230540535058,39153370.0584451,"catchment","2000_2005"
"145","GORB","GORB_10","Grassland",4065601.11787004,0.103837833417691,39153370.0584451,"catchment","2000_2005"
"146","GORB","GORB_10","Agriculture",68136.3887350981,0.00174024326982299,39153370.0584451,"catchment","2000_2005"
"147","GORB","GORB_10","Shrubland",12209727.1077771,0.311843580502811,39153370.0584451,"catchment","2000_2005"
"148","GORB","GORB_10","Nat_forest",14102023.3144218,0.360173933773041,39153370.0584451,"catchment","2000_2005"
"149","GORB","GORB_10","Plant_forest",8109184.36688923,0.20711331757099,39153370.0584451,"catchment","2000_2005"
"150","ARTI","ARTI_10","Water",115389.490217685,0.00245048324825458,47088463.18369,"catchment","2005_2010"
"151","ARTI","ARTI_10","Urban",1966.94834452868,4.17713429477556e-05,47088463.18369,"catchment","2005_2010"
"152","ARTI","ARTI_10","Bare_soil",2623.48010389561,5.57138612415855e-05,47088463.18369,"catchment","2005_2010"
"153","ARTI","ARTI_10","Grassland",1213185.72523405,0.0257639694143652,47088463.18369,"catchment","2005_2010"
"154","ARTI","ARTI_10","Shrubland",6013098.82697575,0.127697920476167,47088463.18369,"catchment","2005_2010"
"155","ARTI","ARTI_10","Nat_forest",33090047.2658608,0.702720900802773,47088463.18369,"catchment","2005_2010"
"156","ARTI","ARTI_10","Plant_forest",6652151.44695324,0.141269240854251,47088463.18369,"catchment","2005_2010"
"157","AIZK","AIZK_10","Water",1973.80542625448,3.68209476632e-05,53605503.1583872,"catchment","2005_2010"
"158","AIZK","AIZK_10","Urban",29604.131886261,0.00055225919247115,53605503.1583872,"catchment","2005_2010"
"159","AIZK","AIZK_10","Bare_soil",1074663.99556536,0.0200476431009344,53605503.1583872,"catchment","2005_2010"
"160","AIZK","AIZK_10","Grassland",10743440.5646816,0.200416747007078,53605503.1583872,"catchment","2005_2010"
"161","AIZK","AIZK_10","Agriculture",507079.676212322,0.00945947050835552,53605503.1583872,"catchment","2005_2010"
"162","AIZK","AIZK_10","Shrubland",6707786.00184154,0.125132413775171,53605503.1583872,"catchment","2005_2010"
"163","AIZK","AIZK_10","Nat_forest",18882630.2674534,0.352251712135995,53605503.1583872,"catchment","2005_2010"
"164","AIZK","AIZK_10","Plant_forest",15658324.7153204,0.292102933332331,53605503.1583872,"catchment","2005_2010"
"165","ARAL","ARAL_01","Water",158613.056505625,0.00228168233127618,69515836.7715942,"catchment","2005_2010"
"166","ARAL","ARAL_01","Urban",100606.777448748,0.00144724975086336,69515836.7715942,"catchment","2005_2010"
"167","ARAL","ARAL_01","Bare_soil",1272902.15308702,0.0183109664243753,69515836.7715942,"catchment","2005_2010"
"168","ARAL","ARAL_01","Grassland",10893533.4197785,0.156705779944375,69515836.7715942,"catchment","2005_2010"
"169","ARAL","ARAL_01","Agriculture",1073459.45570277,0.0154419410821422,69515836.7715942,"catchment","2005_2010"
"170","ARAL","ARAL_01","Shrubland",7054956.20734687,0.101487035688387,69515836.7715942,"catchment","2005_2010"
"171","ARAL","ARAL_01","Nat_forest",30799537.0669099,0.443057848359171,69515836.7715942,"catchment","2005_2010"
"172","ARAL","ARAL_01","Plant_forest",18162228.6348148,0.26126749641941,69515836.7715942,"catchment","2005_2010"
"173","IZKI","IZKI_10","Water",1322.77056419849,3.033928826384e-05,43599261.5481043,"catchment","2005_2010"
"174","IZKI","IZKI_10","Urban",24103.6892298835,0.00055284627248305,43599261.5481043,"catchment","2005_2010"
"175","IZKI","IZKI_10","Bare_soil",128680.974510937,0.00295144848655199,43599261.5481043,"catchment","2005_2010"
"176","IZKI","IZKI_10","Grassland",1884290.75464696,0.0432184098477899,43599261.5481043,"catchment","2005_2010"
"177","IZKI","IZKI_10","Agriculture",1596552.95300836,0.0366188072072469,43599261.5481043,"catchment","2005_2010"
"178","IZKI","IZKI_10","Shrubland",3823905.12809064,0.0877057315264758,43599261.5481043,"catchment","2005_2010"
"179","IZKI","IZKI_10","Nat_forest",33169933.5761153,0.760791178527598,43599261.5481043,"catchment","2005_2010"
"180","IZKI","IZKI_10","Plant_forest",2970471.70193806,0.0681312388435903,43599261.5481043,"catchment","2005_2010"
"181","GORB","GORB_10","Bare_soil",868970.419617331,0.0221955069882355,39150735.3302594,"catchment","2005_2010"
"182","GORB","GORB_10","Grassland",5399043.87221363,0.137904022151041,39150735.3302594,"catchment","2005_2010"
"183","GORB","GORB_10","Agriculture",53540.7207575654,0.00136755338835703,39150735.3302594,"catchment","2005_2010"
"184","GORB","GORB_10","Shrubland",10672207.0392776,0.272592761010777,39150735.3302594,"catchment","2005_2010"
"185","GORB","GORB_10","Nat_forest",14006921.2287331,0.357769045985381,39150735.3302594,"catchment","2005_2010"
"186","GORB","GORB_10","Plant_forest",8150052.04966025,0.208171110476209,39150735.3302594,"catchment","2005_2010"
"187","ARTI","ARTI_10","Water",110800.186529217,0.00235298923001124,47089117.5854161,"catchment","2010_2015"
"188","ARTI","ARTI_10","Urban",2622.59261995554,5.56942400799581e-05,47089117.5854161,"catchment","2010_2015"
"189","ARTI","ARTI_10","Bare_soil",4589.17839729908,9.74573029315035e-05,47089117.5854161,"catchment","2010_2015"
"190","ARTI","ARTI_10","Grassland",923014.644093578,0.0196014427838725,47089117.5854161,"catchment","2010_2015"
"191","ARTI","ARTI_10","Agriculture",1311.25320008397,2.78462045440851e-05,47089117.5854161,"catchment","2010_2015"
"192","ARTI","ARTI_10","Shrubland",6059970.37940166,0.128691525561279,47089117.5854161,"catchment","2010_2015"
"193","ARTI","ARTI_10","Nat_forest",34081807.1151997,0.723772473616179,47089117.5854161,"catchment","2010_2015"
"194","ARTI","ARTI_10","Plant_forest",5905002.23597458,0.125400571061102,47089117.5854161,"catchment","2010_2015"
"195","AIZK","AIZK_10","Urban",73084.5393021527,0.00136334401047431,53606821.7123911,"catchment","2010_2015"
"196","AIZK","AIZK_10","Bare_soil",943197.036302136,0.0175947203391862,53606821.7123911,"catchment","2010_2015"
"197","AIZK","AIZK_10","Grassland",10219183.696157,0.190632150344307,53606821.7123911,"catchment","2010_2015"
"198","AIZK","AIZK_10","Agriculture",66355.2085115228,0.0012378127706867,53606821.7123911,"catchment","2010_2015"
"199","AIZK","AIZK_10","Shrubland",6453268.1851033,0.120381473457354,53606821.7123911,"catchment","2010_2015"
"200","AIZK","AIZK_10","Nat_forest",20582588.3289877,0.383954647403207,53606821.7123911,"catchment","2010_2015"
"201","AIZK","AIZK_10","Plant_forest",15269144.7180273,0.284835851674785,53606821.7123911,"catchment","2010_2015"
"202","ARAL","ARAL_01","Water",155980.494405159,0.00224370616412404,69519127.2811138,"catchment","2010_2015"
"203","ARAL","ARAL_01","Urban",139428.438290897,0.002005612609708,69519127.2811138,"catchment","2010_2015"
"204","ARAL","ARAL_01","Bare_soil",1019993.15922695,0.0146721226102626,69519127.2811138,"catchment","2010_2015"
"205","ARAL","ARAL_01","Grassland",11301974.2634283,0.162573592411865,69519127.2811138,"catchment","2010_2015"
"206","ARAL","ARAL_01","Agriculture",102367.760441555,0.00147251216240981,69519127.2811138,"catchment","2010_2015"
"207","ARAL","ARAL_01","Shrubland",6319026.1790743,0.0908962241934096,69519127.2811138,"catchment","2010_2015"
"208","ARAL","ARAL_01","Nat_forest",32292349.0836688,0.464510277194484,69519127.2811138,"catchment","2010_2015"
"209","ARAL","ARAL_01","Plant_forest",18188007.9025778,0.261625952653738,69519127.2811138,"catchment","2010_2015"
"210","IZKI","IZKI_10","Urban",2410.40640466644,5.52854898496073e-05,43599259.2490987,"catchment","2010_2015"
"211","IZKI","IZKI_10","Bare_soil",203042.006876505,0.00465700588435347,43599259.2490987,"catchment","2010_2015"
"212","IZKI","IZKI_10","Grassland",1271551.51248302,0.0291645210121156,43599259.2490987,"catchment","2010_2015"
"213","IZKI","IZKI_10","Agriculture",1260800.54778139,0.0289179350634828,43599259.2490987,"catchment","2010_2015"
"214","IZKI","IZKI_10","Shrubland",4500847.65960706,0.103232204792564,43599259.2490987,"catchment","2010_2015"
"215","IZKI","IZKI_10","Nat_forest",33484559.2193773,0.768007525725785,43599259.2490987,"catchment","2010_2015"
"216","IZKI","IZKI_10","Plant_forest",2876047.89656875,0.0659655220318497,43599259.2490987,"catchment","2010_2015"
"217","GORB","GORB_10","Urban",658.071638271213,1.68571340387704e-05,39038168.4548326,"catchment","2010_2015"
"218","GORB","GORB_10","Bare_soil",683667.202974709,0.0175127888944308,39038168.4548326,"catchment","2010_2015"
"219","GORB","GORB_10","Grassland",5531354.04399505,0.141690921037826,39038168.4548326,"catchment","2010_2015"
"220","GORB","GORB_10","Agriculture",28826.4616833327,0.00073841737008448,39038168.4548326,"catchment","2010_2015"
"221","GORB","GORB_10","Shrubland",10306788.7389012,0.26401824539556,39038168.4548326,"catchment","2010_2015"
"222","GORB","GORB_10","Nat_forest",14180942.9287788,0.363258408118871,39038168.4548326,"catchment","2010_2015"
"223","GORB","GORB_10","Plant_forest",8305931.00686121,0.212764362049189,39038168.4548326,"catchment","2010_2015"
"224","ARTI","ARTI_10","Water",100966.166185419,0.00214415069207499,47089118.5766937,"catchment","2015_2019"
"225","ARTI","ARTI_10","Urban",11145.9061241859,0.00023669812604439,47089118.5766937,"catchment","2015_2019"
"226","ARTI","ARTI_10","Bare_soil",7867.40193924217,0.00016707473354865,47089118.5766937,"catchment","2015_2019"
"227","ARTI","ARTI_10","Grassland",1029574.09499797,0.0218643738960861,47089118.5766937,"catchment","2015_2019"
"228","ARTI","ARTI_10","Shrubland",7109883.98480609,0.150987833276732,47089118.5766937,"catchment","2015_2019"
"229","ARTI","ARTI_10","Nat_forest",32654215.8917824,0.693455661918979,47089118.5766937,"catchment","2015_2019"
"230","ARTI","ARTI_10","Plant_forest",6175465.13085836,0.131144207356535,47089118.5766937,"catchment","2015_2019"
"231","AIZK","AIZK_10","Urban",88785.0219714787,0.00165624027958214,53606365.6137372,"catchment","2015_2019"
"232","AIZK","AIZK_10","Bare_soil",1032901.58228641,0.0192682635814004,53606365.6137372,"catchment","2015_2019"
"233","AIZK","AIZK_10","Grassland",9710333.7767967,0.181141430977897,53606365.6137372,"catchment","2015_2019"
"234","AIZK","AIZK_10","Agriculture",8881.33508095729,0.00016567687399202,53606365.6137372,"catchment","2015_2019"
"235","AIZK","AIZK_10","Shrubland",7120919.32339926,0.132837196513364,53606365.6137372,"catchment","2015_2019"
"236","AIZK","AIZK_10","Nat_forest",21765706.8925865,0.406028400608617,53606365.6137372,"catchment","2015_2019"
"237","AIZK","AIZK_10","Plant_forest",13878837.6816159,0.258902791165147,53606365.6137372,"catchment","2015_2019"
"238","ARAL","ARAL_01","Water",150715.008735916,0.00216802625318669,69517151.1481403,"catchment","2015_2019"
"239","ARAL","ARAL_01","Urban",188354.581722586,0.00270946922610803,69517151.1481403,"catchment","2015_2019"
"240","ARAL","ARAL_01","Bare_soil",956457.579296582,0.0137585842270547,69517151.1481403,"catchment","2015_2019"
"241","ARAL","ARAL_01","Grassland",9938506.38765679,0.142964811179876,69517151.1481403,"catchment","2015_2019"
"242","ARAL","ARAL_01","Agriculture",7625.78586923003,0.0001096964668903,69517151.1481403,"catchment","2015_2019"
"243","ARAL","ARAL_01","Shrubland",7544205.06668016,0.108522931997077,69517151.1481403,"catchment","2015_2019"
"244","ARAL","ARAL_01","Nat_forest",34291838.528246,0.493286015923904,69517151.1481403,"catchment","2015_2019"
"245","ARAL","ARAL_01","Plant_forest",16439448.2099331,0.236480464725903,69517151.1481403,"catchment","2015_2019"
"246","IZKI","IZKI_10","Urban",31744.3189925918,0.00072809305913726,43599260.5535982,"catchment","2015_2019"
"247","IZKI","IZKI_10","Bare_soil",258363.95705126,0.00592587933305986,43599260.5535982,"catchment","2015_2019"
"248","IZKI","IZKI_10","Grassland",1167221.34998006,0.0267715859204802,43599260.5535982,"catchment","2015_2019"
"249","IZKI","IZKI_10","Agriculture",1396463.03447022,0.0320295118939802,43599260.5535982,"catchment","2015_2019"
"250","IZKI","IZKI_10","Shrubland",5178912.03408293,0.118784400660105,43599260.5535982,"catchment","2015_2019"
"251","IZKI","IZKI_10","Nat_forest",32927708.846769,0.755235488599394,43599260.5535982,"catchment","2015_2019"
"252","IZKI","IZKI_10","Plant_forest",2638847.01225212,0.0605250405338432,43599260.5535982,"catchment","2015_2019"
"253","GORB","GORB_10","Bare_soil",642478.719510676,0.0164113663997118,39148398.9731629,"catchment","2015_2019"
"254","GORB","GORB_10","Grassland",5176185.94325004,0.132219607417367,39148398.9731629,"catchment","2015_2019"
"255","GORB","GORB_10","Agriculture",13161.070619578,0.0003361841343397,39148398.9731629,"catchment","2015_2019"
"256","GORB","GORB_10","Shrubland",10564707.1653577,0.269863070839756,39148398.9731629,"catchment","2015_2019"
"257","GORB","GORB_10","Nat_forest",14280795.4473716,0.364786193610661,39148398.9731629,"catchment","2015_2019"
"258","GORB","GORB_10","Plant_forest",8471070.62705331,0.216383577598165,39148398.9731629,"catchment","2015_2019"
"259","ARTI","ARTI_10","Urban",19668.5307139929,0.00041768738550372,47089118.3133841,"catchment","2019_2023"
"260","ARTI","ARTI_10","Bare_soil",16390.9791457749,0.00034808422270068,47089118.3133841,"catchment","2019_2023"
"261","ARTI","ARTI_10","Grassland",1373198.09326832,0.0291616862335267,47089118.3133841,"catchment","2019_2023"
"262","ARTI","ARTI_10","Shrubland",5681934.26141489,0.120663424267171,47089118.3133841,"catchment","2019_2023"
"263","ARTI","ARTI_10","Nat_forest",33644977.6137878,0.714495807500072,47089118.3133841,"catchment","2019_2023"
"264","ARTI","ARTI_10","Plant_forest",6352948.83505331,0.134913310391025,47089118.3133841,"catchment","2019_2023"
"265","AIZK","AIZK_10","Urban",109691.718528301,0.00204622688597779,53606821.0617243,"catchment","2019_2023"
"266","AIZK","AIZK_10","Bare_soil",1014301.9730128,0.018921136395029,53606821.0617243,"catchment","2019_2023"
"267","AIZK","AIZK_10","Grassland",10468228.7600309,0.195277924575634,53606821.0617243,"catchment","2019_2023"
"268","AIZK","AIZK_10","Agriculture",22272.754993423,0.00041548359989072,53606821.0617243,"catchment","2019_2023"
"269","AIZK","AIZK_10","Shrubland",5554196.77692354,0.103609888945444,53606821.0617243,"catchment","2019_2023"
"270","AIZK","AIZK_10","Nat_forest",21294838.9324701,0.397241218761148,53606821.0617243,"catchment","2019_2023"
"271","AIZK","AIZK_10","Plant_forest",15143290.1457652,0.282488120836876,53606821.0617243,"catchment","2019_2023"
"272","ARAL","ARAL_01","Water",146107.121626944,0.00210166257500838,69519780.8460578,"catchment","2019_2023"
"273","ARAL","ARAL_01","Urban",161375.930050369,0.00232129514918516,69519780.8460578,"catchment","2019_2023"
"274","ARAL","ARAL_01","Bare_soil",1111050.8435508,0.0159817943904495,69519780.8460578,"catchment","2019_2023"
"275","ARAL","ARAL_01","Grassland",10255820.5524942,0.147523775646018,69519780.8460578,"catchment","2019_2023"
"276","ARAL","ARAL_01","Agriculture",122981.105718207,0.00176900882341001,69519780.8460578,"catchment","2019_2023"
"277","ARAL","ARAL_01","Shrubland",7012400.61487604,0.100869141552734,69519780.8460578,"catchment","2019_2023"
"278","ARAL","ARAL_01","Nat_forest",34688893.4514201,0.498978751504323,69519780.8460578,"catchment","2019_2023"
"279","ARAL","ARAL_01","Plant_forest",16021151.2263212,0.230454570358872,69519780.8460578,"catchment","2019_2023"
"280","IZKI","IZKI_10","Urban",6537.68380914551,0.00014994941740563,43599261.1525803,"catchment","2019_2023"
"281","IZKI","IZKI_10","Bare_soil",272756.31652902,0.00625598483365302,43599261.1525803,"catchment","2019_2023"
"282","IZKI","IZKI_10","Grassland",1578258.65249109,0.0361992063803054,43599261.1525803,"catchment","2019_2023"
"283","IZKI","IZKI_10","Agriculture",1302832.49623982,0.0298819856529316,43599261.1525803,"catchment","2019_2023"
"284","IZKI","IZKI_10","Shrubland",3807438.35529633,0.0873280476467661,43599261.1525803,"catchment","2019_2023"
"285","IZKI","IZKI_10","Nat_forest",33624099.522724,0.771208012104905,43599261.1525803,"catchment","2019_2023"
"286","IZKI","IZKI_10","Plant_forest",3007338.12549082,0.0689768139640331,43599261.1525803,"catchment","2019_2023"
"287","GORB","GORB_10","Urban",658.048891267806,1.67993378384458e-05,39171120.7665482,"catchment","2019_2023"
"288","GORB","GORB_10","Bare_soil",720561.642361884,0.0183952265919651,39171120.7665482,"catchment","2019_2023"
"289","GORB","GORB_10","Grassland",3679373.26596581,0.0939307631225083,39171120.7665482,"catchment","2019_2023"
"290","GORB","GORB_10","Agriculture",6344.57020430076,0.00016197060692016,39171120.7665482,"catchment","2019_2023"
"291","GORB","GORB_10","Shrubland",13875941.6733019,0.35423907720179,39171120.7665482,"catchment","2019_2023"
"292","GORB","GORB_10","Nat_forest",11960180.4054426,0.305331585397385,39171120.7665482,"catchment","2019_2023"
"293","GORB","GORB_10","Plant_forest",8928061.16038046,0.227924577741593,39171120.7665482,"catchment","2019_2023"
"294","AIZK",NA,"Grassland",56373.5690623032,0.182292432755029,309247.993514135,"reach","1984_1990"
"295","AIZK",NA,"Nat_forest",87672.368835282,0.28350181949127,309247.993514135,"reach","1984_1990"
"296","AIZK",NA,"Plant_forest",158325.246762286,0.51196854978155,309247.993514135,"reach","1984_1990"
"297","AIZK",NA,"Shrubland",6876.80885426423,0.0222371979721508,309247.993514135,"reach","1984_1990"
"298","ARAL",NA,"Grassland",87628.035470846,0.28337597943991,309228.875517403,"reach","1984_1990"
"299","ARAL",NA,"Nat_forest",105355.304249749,0.34070331909809,309228.875517403,"reach","1984_1990"
"300","ARAL",NA,"Plant_forest",67737.6255885188,0.219053364519015,309228.875517403,"reach","1984_1990"
"301","ARAL",NA,"Shrubland",45979.3682559707,0.148690409907671,309228.875517403,"reach","1984_1990"
"302","ARAL",NA,"Urban",2528.54195231819,0.00817692703531461,309228.875517403,"reach","1984_1990"
"303","ARTI",NA,"Grassland",2249.03757209049,0.00727390357984881,309192.656652899,"reach","1984_1990"
"304","ARTI",NA,"Nat_forest",246707.286575536,0.797907975067114,309192.656652899,"reach","1984_1990"
"305","ARTI",NA,"Plant_forest",55562.5465735189,0.179702025187143,309192.656652899,"reach","1984_1990"
"306","ARTI",NA,"Shrubland",4673.78593175363,0.0151160961658945,309192.656652899,"reach","1984_1990"
"307","GORB",NA,"Grassland",50474.578836196,0.163209291144612,309262.900918263,"reach","1984_1990"
"308","GORB",NA,"Nat_forest",104275.624774205,0.337174696559431,309262.900918263,"reach","1984_1990"
"309","GORB",NA,"Plant_forest",86982.1893685035,0.281256462091755,309262.900918263,"reach","1984_1990"
"310","GORB",NA,"Shrubland",67530.5079393587,0.218359550204203,309262.900918263,"reach","1984_1990"
"311","IZKI",NA,"Agriculture",16288.0538769854,0.0526693655949018,309250.998051931,"reach","1984_1990"
"312","IZKI",NA,"Grassland",34878.1454019291,0.112782644588497,309250.998051931,"reach","1984_1990"
"313","IZKI",NA,"Nat_forest",152280.564451606,0.492417374271606,309250.998051931,"reach","1984_1990"
"314","IZKI",NA,"Plant_forest",25084.9246285153,0.0811150967548467,309250.998051931,"reach","1984_1990"
"315","IZKI",NA,"Shrubland",80719.309692896,0.261015518790148,309250.998051931,"reach","1984_1990"
"316","AIZK",NA,"Grassland",50090.0477241925,0.161973727489953,309247.97805434,"reach","1990_1995"
"317","AIZK",NA,"Nat_forest",87923.8585459671,0.284315063591192,309247.97805434,"reach","1990_1995"
"318","AIZK",NA,"Plant_forest",158261.90713721,0.51176375714056,309247.97805434,"reach","1990_1995"
"319","AIZK",NA,"Shrubland",12972.1646469699,0.0419474517782957,309247.97805434,"reach","1990_1995"
"320","ARAL",NA,"Bare_soil",780.403709920292,0.00252370881554962,309228.903553334,"reach","1990_1995"
"321","ARAL",NA,"Grassland",72967.1657937047,0.235964895115698,309228.903553334,"reach","1990_1995"
"322","ARAL",NA,"Nat_forest",114638.31981113,0.370723171391247,309228.903553334,"reach","1990_1995"
"323","ARAL",NA,"Plant_forest",53753.6302410173,0.173831196318769,309228.903553334,"reach","1990_1995"
"324","ARAL",NA,"Shrubland",63366.7124819251,0.204918465750715,309228.903553334,"reach","1990_1995"
"325","ARAL",NA,"Urban",3722.67151563635,0.0120385626080205,309228.903553334,"reach","1990_1995"
"326","ARTI",NA,"Grassland",9280.32614007589,0.0300147047093502,309192.651733298,"reach","1990_1995"
"327","ARTI",NA,"Nat_forest",270752.709007561,0.87567640268859,309192.651733298,"reach","1990_1995"
"328","ARTI",NA,"Plant_forest",27848.3491053033,0.0900679526152665,309192.651733298,"reach","1990_1995"
"329","ARTI",NA,"Shrubland",1311.26748035848,0.00424093998679357,309192.651733298,"reach","1990_1995"
"330","GORB",NA,"Agriculture",1803.28782191873,0.00583092142167538,309262.926304466,"reach","1990_1995"
"331","GORB",NA,"Grassland",23252.0233960339,0.0751852919258175,309262.926304466,"reach","1990_1995"
"332","GORB",NA,"Nat_forest",122246.703467992,0.395284054667585,309262.926304466,"reach","1990_1995"
"333","GORB",NA,"Plant_forest",63713.265352299,0.206016499014738,309262.926304466,"reach","1990_1995"
"334","GORB",NA,"Shrubland",98247.6462662229,0.317683232970185,309262.926304466,"reach","1990_1995"
"335","IZKI",NA,"Agriculture",20030.7304745782,0.0647717425880989,309251.06650224,"reach","1990_1995"
"336","IZKI",NA,"Grassland",2128.6397537738,0.0068832090956051,309251.06650224,"reach","1990_1995"
"337","IZKI",NA,"Nat_forest",164318.446486556,0.531343184503992,309251.06650224,"reach","1990_1995"
"338","IZKI",NA,"Plant_forest",17729.0234427042,0.057328899923376,309251.06650224,"reach","1990_1995"
"339","IZKI",NA,"Shrubland",105044.226344628,0.339672963888928,309251.06650224,"reach","1990_1995"
"340","AIZK",NA,"Agriculture",10.2915961444378,3.32794225909998e-05,309248.038072063,"reach","1995_2000"
"341","AIZK",NA,"Grassland",56923.4327630371,0.184070473390594,309248.038072063,"reach","1995_2000"
"342","AIZK",NA,"Nat_forest",80980.0598133627,0.261861191806469,309248.038072063,"reach","1995_2000"
"343","AIZK",NA,"Plant_forest",144555.264953478,0.467441170701276,309248.038072063,"reach","1995_2000"
"344","AIZK",NA,"Shrubland",26778.9889460408,0.0865938846790697,309248.038072063,"reach","1995_2000"
"345","ARAL",NA,"Agriculture",2378.89490064234,0.0076929884126117,309228.972286301,"reach","1995_2000"
"346","ARAL",NA,"Grassland",63788.0278532078,0.206280890763849,309228.972286301,"reach","1995_2000"
"347","ARAL",NA,"Nat_forest",102502.482001811,0.331477614286764,309228.972286301,"reach","1995_2000"
"348","ARAL",NA,"Plant_forest",80439.8053071557,0.260130235250662,309228.972286301,"reach","1995_2000"
"349","ARAL",NA,"Shrubland",52716.2388722096,0.170476389978757,309228.972286301,"reach","1995_2000"
"350","ARAL",NA,"Urban",7403.52335127427,0.0239418813073559,309228.972286301,"reach","1995_2000"
"351","ARTI",NA,"Grassland",9560.63020327968,0.0309212713217322,309192.662352154,"reach","1995_2000"
"352","ARTI",NA,"Nat_forest",261968.732569877,0.847266977738004,309192.662352154,"reach","1995_2000"
"353","ARTI",NA,"Plant_forest",34136.79181981,0.110406215852982,309192.662352154,"reach","1995_2000"
"354","ARTI",NA,"Shrubland",3526.50775918764,0.011405535087282,309192.662352154,"reach","1995_2000"
"355","GORB",NA,"Agriculture",1744.76054089153,0.00564167477460672,309262.871504881,"reach","1995_2000"
"356","GORB",NA,"Grassland",17022.1311855343,0.0550409789015545,309262.871504881,"reach","1995_2000"
"357","GORB",NA,"Nat_forest",133516.395936173,0.431724620826543,309262.871504881,"reach","1995_2000"
"358","GORB",NA,"Plant_forest",49076.794726164,0.158689578504381,309262.871504881,"reach","1995_2000"
"359","GORB",NA,"Shrubland",106402.572561656,0.344052204016273,309262.871504881,"reach","1995_2000"
"360","GORB",NA,"Urban",1500.21655446259,0.00485094297664151,309262.871504881,"reach","1995_2000"
"361","IZKI",NA,"Agriculture",12378.0478398707,0.0400258868824238,309251.057352739,"reach","1995_2000"
"362","IZKI",NA,"Grassland",19297.2467101885,0.0623999376926224,309251.057352739,"reach","1995_2000"
"363","IZKI",NA,"Nat_forest",190217.036276546,0.615089364301121,309251.057352739,"reach","1995_2000"
"364","IZKI",NA,"Plant_forest",21900.4910358725,0.0708178372075615,309251.057352739,"reach","1995_2000"
"365","IZKI",NA,"Shrubland",65458.2354902616,0.211666973916272,309251.057352739,"reach","1995_2000"
"366","AIZK",NA,"Grassland",42820.29126749,0.138465864766991,309247.996533641,"reach","2000_2005"
"367","AIZK",NA,"Nat_forest",110545.360336029,0.357465081666271,309247.996533641,"reach","2000_2005"
"368","AIZK",NA,"Plant_forest",130924.184966145,0.423363082166009,309247.996533641,"reach","2000_2005"
"369","AIZK",NA,"Shrubland",24958.1599639766,0.0807059714007287,309247.996533641,"reach","2000_2005"
"370","ARAL",NA,"Agriculture",1847.23106684086,0.00597366942679791,309228.873387967,"reach","2000_2005"
"371","ARAL",NA,"Bare_soil",249.585443888949,0.00080712205543565,309228.873387967,"reach","2000_2005"
"372","ARAL",NA,"Grassland",41362.996269257,0.13376175328027,309228.873387967,"reach","2000_2005"
"373","ARAL",NA,"Nat_forest",109314.127751919,0.353505565486993,309228.873387967,"reach","2000_2005"
"374","ARAL",NA,"Plant_forest",74646.7342626039,0.241396391755922,309228.873387967,"reach","2000_2005"
"375","ARAL",NA,"Shrubland",68133.6748156254,0.220334130086692,309228.873387967,"reach","2000_2005"
"376","ARAL",NA,"Urban",13674.5237778316,0.04422136790789,309228.873387967,"reach","2000_2005"
"377","ARTI",NA,"Grassland",7867.49211345939,0.0254452758316123,309192.644069713,"reach","2000_2005"
"378","ARTI",NA,"Nat_forest",251138.937278007,0.812240983396044,309192.644069713,"reach","2000_2005"
"379","ARTI",NA,"Plant_forest",29199.3276607045,0.0944373296737325,309192.644069713,"reach","2000_2005"
"380","ARTI",NA,"Shrubland",20986.8870175424,0.067876411098611,309192.644069713,"reach","2000_2005"
"381","GORB",NA,"Agriculture",1987.77404047549,0.0064274570343855,309262.905973751,"reach","2000_2005"
"382","GORB",NA,"Grassland",13276.3429129843,0.0429289858451731,309262.905973751,"reach","2000_2005"
"383","GORB",NA,"Nat_forest",126441.110991365,0.408846675592243,309262.905973751,"reach","2000_2005"
"384","GORB",NA,"Plant_forest",26077.5360101328,0.0843215772290071,309262.905973751,"reach","2000_2005"
"385","GORB",NA,"Shrubland",140879.281773011,0.45553242581562,309262.905973751,"reach","2000_2005"
"386","GORB",NA,"Urban",600.860245782969,0.00194287848357076,309262.905973751,"reach","2000_2005"
"387","IZKI",NA,"Agriculture",8411.48427169361,0.0271995367345525,309251.012389789,"reach","2000_2005"
"388","IZKI",NA,"Grassland",12499.6590704106,0.0404191371074823,309251.012389789,"reach","2000_2005"
"389","IZKI",NA,"Nat_forest",179878.341657942,0.581658052686398,309251.012389789,"reach","2000_2005"
"390","IZKI",NA,"Plant_forest",20826.9661016627,0.0673464767042114,309251.012389789,"reach","2000_2005"
"391","IZKI",NA,"Shrubland",87634.5612880803,0.283376796767356,309251.012389789,"reach","2000_2005"
"392","AIZK",NA,"Agriculture",566.720728364783,0.0018325773750038,309247.912854762,"reach","2005_2010"
"393","AIZK",NA,"Bare_soil",8.80509869754314,2.84726212580081e-05,309247.912854762,"reach","2005_2010"
"394","AIZK",NA,"Grassland",60821.6134769406,0.196675906121654,309247.912854762,"reach","2005_2010"
"395","AIZK",NA,"Nat_forest",93035.4924021015,0.300844366396081,309247.912854762,"reach","2005_2010"
"396","AIZK",NA,"Plant_forest",115836.935085382,0.374576287406617,309247.912854762,"reach","2005_2010"
"397","AIZK",NA,"Shrubland",38677.964417318,0.125071060497288,309247.912854762,"reach","2005_2010"
"398","AIZK",NA,"Urban",300.381645957929,0.00097132958209811,309247.912854762,"reach","2005_2010"
"399","ARAL",NA,"Agriculture",501.447464041412,0.00162160609132799,309228.897648478,"reach","2005_2010"
"400","ARAL",NA,"Bare_soil",930.09259615466,0.00300778033109946,309228.897648478,"reach","2005_2010"
"401","ARAL",NA,"Grassland",51821.6256359787,0.167583385738056,309228.897648478,"reach","2005_2010"
"402","ARAL",NA,"Nat_forest",102263.90501805,0.330706172015982,309228.897648478,"reach","2005_2010"
"403","ARAL",NA,"Plant_forest",88934.9052302726,0.287602180477231,309228.897648478,"reach","2005_2010"
"404","ARAL",NA,"Shrubland",53187.1946315702,0.171999431605619,309228.897648478,"reach","2005_2010"
"405","ARAL",NA,"Urban",11589.7270724103,0.0374794437406854,309228.897648478,"reach","2005_2010"
"406","ARTI",NA,"Grassland",6688.08500196238,0.0216308014595449,309192.658185634,"reach","2005_2010"
"407","ARTI",NA,"Nat_forest",262790.157134182,0.849923664669967,309192.658185634,"reach","2005_2010"
"408","ARTI",NA,"Plant_forest",30317.4529931815,0.0980535992383735,309192.658185634,"reach","2005_2010"
"409","ARTI",NA,"Shrubland",9396.9630563074,0.0303919346321142,309192.658185634,"reach","2005_2010"
"410","GORB",NA,"Agriculture",2588.63415068051,0.00837033359251243,309262.960916652,"reach","2005_2010"
"411","GORB",NA,"Grassland",25833.196029498,0.0835314903308456,309262.960916652,"reach","2005_2010"
"412","GORB",NA,"Nat_forest",120294.237318586,0.388970722397649,309262.960916652,"reach","2005_2010"
"413","GORB",NA,"Plant_forest",25493.434937693,0.0824328748005605,309262.960916652,"reach","2005_2010"
"414","GORB",NA,"Shrubland",135053.458480194,0.436694578878432,309262.960916652,"reach","2005_2010"
"415","IZKI",NA,"Agriculture",18832.3162690929,0.0608965360397922,309251.026311038,"reach","2005_2010"
"416","IZKI",NA,"Grassland",15892.3381709806,0.0513897669493791,309251.026311038,"reach","2005_2010"
"417","IZKI",NA,"Nat_forest",197651.471116897,0.639129555929438,309251.026311038,"reach","2005_2010"
"418","IZKI",NA,"Plant_forest",20408.9554831532,0.0659947865868237,309251.026311038,"reach","2005_2010"
"419","IZKI",NA,"Shrubland",56465.9452709148,0.182589354494567,309251.026311038,"reach","2005_2010"
"420","AIZK",NA,"Grassland",39188.7393313837,0.126722724272207,309247.923420619,"reach","2010_2015"
"421","AIZK",NA,"Nat_forest",115633.012138925,0.373916858874583,309247.923420619,"reach","2010_2015"
"422","AIZK",NA,"Plant_forest",118051.154184747,0.381736287438804,309247.923420619,"reach","2010_2015"
"423","AIZK",NA,"Shrubland",36375.0177655634,0.117624129414407,309247.923420619,"reach","2010_2015"
"424","ARAL",NA,"Agriculture",2086.9928828604,0.0067490237030814,309228.856598554,"reach","2010_2015"
"425","ARAL",NA,"Bare_soil",1588.21256859617,0.00513604256105379,309228.856598554,"reach","2010_2015"
"426","ARAL",NA,"Grassland",43199.0945335009,0.139699428470812,309228.856598554,"reach","2010_2015"
"427","ARAL",NA,"Nat_forest",115881.444407069,0.37474330721181,309228.856598554,"reach","2010_2015"
"428","ARAL",NA,"Plant_forest",79588.1493023176,0.257376204076711,309228.856598554,"reach","2010_2015"
"429","ARAL",NA,"Shrubland",54568.8520896724,0.176467528580344,309228.856598554,"reach","2010_2015"
"430","ARAL",NA,"Urban",12316.1108145381,0.0398284653961874,309228.856598554,"reach","2010_2015"
"431","ARTI",NA,"Grassland",10309.0682527588,0.0333418912023168,309192.666672803,"reach","2010_2015"
"432","ARTI",NA,"Nat_forest",273715.093650388,0.885257391760981,309192.666672803,"reach","2010_2015"
"433","ARTI",NA,"Plant_forest",15816.7554215885,0.0511550147414275,309192.666672803,"reach","2010_2015"
"434","ARTI",NA,"Shrubland",9351.74934806761,0.0302457022952744,309192.666672803,"reach","2010_2015"
"435","GORB",NA,"Agriculture",1684.7034090552,0.00544747837428462,309262.982485256,"reach","2010_2015"
"436","GORB",NA,"Bare_soil",600.860109973786,0.00194287756376543,309262.982485256,"reach","2010_2015"
"437","GORB",NA,"Grassland",11027.1859190641,0.0356563395672156,309262.982485256,"reach","2010_2015"
"438","GORB",NA,"Nat_forest",122574.406090528,0.396343607325754,309262.982485256,"reach","2010_2015"
"439","GORB",NA,"Plant_forest",31343.6167872503,0.101349396993365,309262.982485256,"reach","2010_2015"
"440","GORB",NA,"Shrubland",142032.210169385,0.459260300175615,309262.982485256,"reach","2010_2015"
"441","IZKI",NA,"Agriculture",11741.7761477135,0.0379684304462044,309251.028017863,"reach","2010_2015"
"442","IZKI",NA,"Grassland",7356.26373616361,0.0237873541870286,309251.028017863,"reach","2010_2015"
"443","IZKI",NA,"Nat_forest",204569.66288674,0.661500348755263,309251.028017863,"reach","2010_2015"
"444","IZKI",NA,"Plant_forest",20906.4875926774,0.0676036155051028,309251.028017863,"reach","2010_2015"
"445","IZKI",NA,"Shrubland",64676.8376545688,0.209140251106402,309251.028017863,"reach","2010_2015"
"446","AIZK",NA,"Bare_soil",657.778698027134,0.00212702699126313,309247.931845243,"reach","2015_2019"
"447","AIZK",NA,"Grassland",43216.0484874728,0.139745634609771,309247.931845243,"reach","2015_2019"
"448","AIZK",NA,"Nat_forest",124769.036524023,0.403459566502327,309247.931845243,"reach","2015_2019"
"449","AIZK",NA,"Plant_forest",86689.1255134395,0.280322409906435,309247.931845243,"reach","2015_2019"
"450","AIZK",NA,"Shrubland",53915.9426222807,0.174345361990204,309247.931845243,"reach","2015_2019"
"451","ARAL",NA,"Agriculture",1138.24652541988,0.00368091921499939,309228.879781341,"reach","2015_2019"
"452","ARAL",NA,"Bare_soil",703.722075239005,0.00227573205884461,309228.879781341,"reach","2015_2019"
"453","ARAL",NA,"Grassland",33902.6131397543,0.109635986016983,309228.879781341,"reach","2015_2019"
"454","ARAL",NA,"Nat_forest",129385.197889478,0.418412400487844,309228.879781341,"reach","2015_2019"
"455","ARAL",NA,"Plant_forest",61630.4254108943,0.199303588508531,309228.879781341,"reach","2015_2019"
"456","ARAL",NA,"Shrubland",67739.090851512,0.219058099940119,309228.879781341,"reach","2015_2019"
"457","ARAL",NA,"Urban",14729.583889044,0.0476332737726805,309228.879781341,"reach","2015_2019"
"458","ARTI",NA,"Grassland",5176.44860711855,0.0167418230355578,309192.648621618,"reach","2015_2019"
"459","ARTI",NA,"Nat_forest",261198.097524649,0.844774604729677,309192.648621618,"reach","2015_2019"
"460","ARTI",NA,"Plant_forest",24643.0250475942,0.0797011997453784,309192.648621618,"reach","2015_2019"
"461","ARTI",NA,"Shrubland",18175.0774422561,0.0587823724893871,309192.648621618,"reach","2015_2019"
"462","GORB",NA,"Agriculture",2285.56365442862,0.00739035764628135,309262.929322326,"reach","2015_2019"
"463","GORB",NA,"Grassland",13041.542609351,0.0421697570993341,309262.929322326,"reach","2015_2019"
"464","GORB",NA,"Nat_forest",125095.758983991,0.404496456326362,309262.929322326,"reach","2015_2019"
"465","GORB",NA,"Plant_forest",36398.5695643892,0.117694576728442,309262.929322326,"reach","2015_2019"
"466","GORB",NA,"Shrubland",132441.494510166,0.42824885219958,309262.929322326,"reach","2015_2019"
"467","IZKI",NA,"Agriculture",11181.3006127321,0.0361560645440833,309251.041387518,"reach","2015_2019"
"468","IZKI",NA,"Grassland",5444.40234932841,0.0176051221198835,309251.041387518,"reach","2015_2019"
"469","IZKI",NA,"Nat_forest",200619.909783485,0.648728324028797,309251.041387518,"reach","2015_2019"
"470","IZKI",NA,"Plant_forest",24283.8994743502,0.0785248753420376,309251.041387518,"reach","2015_2019"
"471","IZKI",NA,"Shrubland",67721.5291676228,0.218985613965199,309251.041387518,"reach","2015_2019"
"472","AIZK",NA,"Grassland",57862.5784259393,0.187107393679088,309247.952676742,"reach","2019_2023"
"473","AIZK",NA,"Nat_forest",133670.786787991,0.432244694365746,309247.952676742,"reach","2019_2023"
"474","AIZK",NA,"Plant_forest",89594.5082223616,0.2897173851819,309247.952676742,"reach","2019_2023"
"475","AIZK",NA,"Shrubland",26804.9714231875,0.0866779268582801,309247.952676742,"reach","2019_2023"
"476","AIZK",NA,"Urban",1315.10781726241,0.00425259991498504,309247.952676742,"reach","2019_2023"
"477","ARAL",NA,"Bare_soil",3235.50307505925,0.010463133115423,309228.893426769,"reach","2019_2023"
"478","ARAL",NA,"Grassland",31073.6816451591,0.10048763975711,309228.893426769,"reach","2019_2023"
"479","ARAL",NA,"Nat_forest",133322.447253089,0.431144857699599,309228.893426769,"reach","2019_2023"
"480","ARAL",NA,"Plant_forest",66267.8780427598,0.214300408051789,309228.893426769,"reach","2019_2023"
"481","ARAL",NA,"Shrubland",62409.622807431,0.201823387574909,309228.893426769,"reach","2019_2023"
"482","ARAL",NA,"Urban",12919.7606032713,0.04178057380117,309228.893426769,"reach","2019_2023"
"483","ARTI",NA,"Grassland",6669.89108165581,0.0215719586434087,309192.651066656,"reach","2019_2023"
"484","ARTI",NA,"Nat_forest",262952.411382133,0.850448451717713,309192.651066656,"reach","2019_2023"
"485","ARTI",NA,"Plant_forest",30679.9525037823,0.0992260081148187,309192.651066656,"reach","2019_2023"
"486","ARTI",NA,"Shrubland",8890.39609908531,0.0287535815240599,309192.651066656,"reach","2019_2023"
"487","GORB",NA,"Agriculture",794.611888096734,0.00256937261985969,309263.001385968,"reach","2019_2023"
"488","GORB",NA,"Grassland",11042.5999667903,0.035706178615944,309263.001385968,"reach","2019_2023"
"489","GORB",NA,"Nat_forest",65574.497300949,0.212034730980026,309263.001385968,"reach","2019_2023"
"490","GORB",NA,"Plant_forest",58129.6071010311,0.187961724617954,309263.001385968,"reach","2019_2023"
"491","GORB",NA,"Shrubland",173721.685129101,0.561727993166217,309263.001385968,"reach","2019_2023"
"492","IZKI",NA,"Agriculture",9144.3451942917,0.0295693293733821,309251.017458763,"reach","2019_2023"
"493","IZKI",NA,"Bare_soil",661.096965834498,0.00213773578262407,309251.017458763,"reach","2019_2023"
"494","IZKI",NA,"Grassland",10668.4237175077,0.0344976188119746,309251.017458763,"reach","2019_2023"
"495","IZKI",NA,"Nat_forest",211193.479462633,0.682919271205939,309251.017458763,"reach","2019_2023"
"496","IZKI",NA,"Plant_forest",28528.2073120393,0.0922493563528644,309251.017458763,"reach","2019_2023"
"497","IZKI",NA,"Shrubland",49055.4648064561,0.158626688473216,309251.017458763,"reach","2019_2023"
"498","ARTI","ARTI_10","Water",60350.5527129145,0.0303503761374123,1988461.44244392,"riparian","1984_1990"
"499","ARTI","ARTI_10","Urban",1531.44391359459,0.00077016525485772,1988461.44244392,"riparian","1984_1990"
"500","ARTI","ARTI_10","Grassland",13496.8892163153,0.00678760418895876,1988461.44244392,"riparian","1984_1990"
"501","ARTI","ARTI_10","Shrubland",37382.4877037142,0.0187997045885734,1988461.44244392,"riparian","1984_1990"
"502","ARTI","ARTI_10","Nat_forest",1632682.43201466,0.821078245303066,1988461.44244392,"riparian","1984_1990"
"503","ARTI","ARTI_10","Plant_forest",243017.636882725,0.122213904527132,1988461.44244392,"riparian","1984_1990"
"504","IZKI","IZKI_10","Urban",2124.28640614124,0.00101643979903607,2089928.40319297,"riparian","1984_1990"
"505","IZKI","IZKI_10","Grassland",201541.47906141,0.0964346332407832,2089928.40319297,"riparian","1984_1990"
"506","IZKI","IZKI_10","Agriculture",28393.1641399241,0.0135857114035798,2089928.40319297,"riparian","1984_1990"
"507","IZKI","IZKI_10","Shrubland",188589.723855605,0.0902374088832326,2089928.40319297,"riparian","1984_1990"
"508","IZKI","IZKI_10","Nat_forest",1502475.49877787,0.7189124261302,2089928.40319297,"riparian","1984_1990"
"509","IZKI","IZKI_10","Plant_forest",166804.250952018,0.0798133805431688,2089928.40319297,"riparian","1984_1990"
"510","GORB","GORB_10","Bare_soil",8744.99396229176,0.00713742260149477,1225231.35458734,"riparian","1984_1990"
"511","GORB","GORB_10","Grassland",187887.306183002,0.153348431281603,1225231.35458734,"riparian","1984_1990"
"512","GORB","GORB_10","Agriculture",23144.5154952887,0.0188899144709562,1225231.35458734,"riparian","1984_1990"
"513","GORB","GORB_10","Shrubland",272498.240957133,0.222405539930792,1225231.35458734,"riparian","1984_1990"
"514","GORB","GORB_10","Nat_forest",530299.13532467,0.432815511404598,1225231.35458734,"riparian","1984_1990"
"515","GORB","GORB_10","Plant_forest",202657.162664958,0.165403180310556,1225231.35458734,"riparian","1984_1990"
"516","AIZK","AIZK_10","Water",16825.1290282275,0.00986470140330084,1705589.28652393,"riparian","1984_1990"
"517","AIZK","AIZK_10","Urban",7572.34208758291,0.00443972188815496,1705589.28652393,"riparian","1984_1990"
"518","AIZK","AIZK_10","Bare_soil",2898.25770876661,0.00169927058739527,1705589.28652393,"riparian","1984_1990"
"519","AIZK","AIZK_10","Grassland",222982.817851871,0.130736525852786,1705589.28652393,"riparian","1984_1990"
"520","AIZK","AIZK_10","Agriculture",3615.65139291738,0.00211988397293832,1705589.28652393,"riparian","1984_1990"
"521","AIZK","AIZK_10","Shrubland",90699.4399937173,0.0531777730490831,1705589.28652393,"riparian","1984_1990"
"522","AIZK","AIZK_10","Nat_forest",824833.329167805,0.483606068403989,1705589.28652393,"riparian","1984_1990"
"523","AIZK","AIZK_10","Plant_forest",536162.319293046,0.314356054842352,1705589.28652393,"riparian","1984_1990"
"524","ARAL","ARAL_01","Water",4150.28078346556,0.00180925478757958,2293917.25917045,"riparian","1984_1990"
"525","ARAL","ARAL_01","Urban",63748.2186020269,0.0277901124581452,2293917.25917045,"riparian","1984_1990"
"526","ARAL","ARAL_01","Bare_soil",2466.46385233036,0.00107521918781949,2293917.25917045,"riparian","1984_1990"
"527","ARAL","ARAL_01","Grassland",634744.776103882,0.276707790381867,2293917.25917045,"riparian","1984_1990"
"528","ARAL","ARAL_01","Agriculture",3327.3303303698,0.00145050145861541,2293917.25917045,"riparian","1984_1990"
"529","ARAL","ARAL_01","Shrubland",199082.899460373,0.0867873061526065,2293917.25917045,"riparian","1984_1990"
"530","ARAL","ARAL_01","Nat_forest",1013091.22683928,0.441642444944001,2293917.25917045,"riparian","1984_1990"
"531","ARAL","ARAL_01","Plant_forest",373306.063198719,0.162737370629366,2293917.25917045,"riparian","1984_1990"
"532","ARTI","ARTI_10","Water",58859.6423170671,0.0296005942468381,1988461.50946292,"riparian","1990_1995"
"533","ARTI","ARTI_10","Urban",1531.44391359459,0.00077016522890012,1988461.50946292,"riparian","1990_1995"
"534","ARTI","ARTI_10","Grassland",9875.66226359235,0.00496648399609192,1988461.50946292,"riparian","1990_1995"
"535","ARTI","ARTI_10","Agriculture",653.31007744146,0.0003285505272958,1988461.50946292,"riparian","1990_1995"
"536","ARTI","ARTI_10","Shrubland",36484.9745353705,0.0183483433608052,1988461.50946292,"riparian","1990_1995"
"537","ARTI","ARTI_10","Nat_forest",1727403.61734662,0.868713630676812,1988461.50946292,"riparian","1990_1995"
"538","ARTI","ARTI_10","Plant_forest",153652.859009226,0.0772722319632567,1988461.50946292,"riparian","1990_1995"
"539","IZKI","IZKI_10","Urban",641.948009532876,0.00030725990723686,2089267.08110342,"riparian","1990_1995"
"540","IZKI","IZKI_10","Grassland",34084.9972262087,0.0163143322050559,2089267.08110342,"riparian","1990_1995"
"541","IZKI","IZKI_10","Agriculture",54815.5001527471,0.0262367126962997,2089267.08110342,"riparian","1990_1995"
"542","IZKI","IZKI_10","Shrubland",320366.609696452,0.153339232017792,2089267.08110342,"riparian","1990_1995"
"543","IZKI","IZKI_10","Nat_forest",1612950.79200696,0.772017520687258,2089267.08110342,"riparian","1990_1995"
"544","IZKI","IZKI_10","Plant_forest",66407.2340115127,0.0317849424863578,2089267.08110342,"riparian","1990_1995"
"545","GORB","GORB_10","Bare_soil",10311.2040532506,0.00841571816558274,1225231.62615162,"riparian","1990_1995"
"546","GORB","GORB_10","Grassland",62783.6352021378,0.0512422580857937,1225231.62615162,"riparian","1990_1995"
"547","GORB","GORB_10","Agriculture",11766.061737783,0.00960313257236068,1225231.62615162,"riparian","1990_1995"
"548","GORB","GORB_10","Shrubland",340487.561544586,0.277896484450077,1225231.62615162,"riparian","1990_1995"
"549","GORB","GORB_10","Nat_forest",657740.615856565,0.536829609861191,1225231.62615162,"riparian","1990_1995"
"550","GORB","GORB_10","Plant_forest",142142.547757294,0.116012796864994,1225231.62615162,"riparian","1990_1995"
"551","AIZK","AIZK_10","Water",3547.63095222514,0.00208000261914058,1705589.65627214,"riparian","1990_1995"
"552","AIZK","AIZK_10","Urban",4196.08756946573,0.00246019759444191,1705589.65627214,"riparian","1990_1995"
"553","AIZK","AIZK_10","Bare_soil",4511.00769406675,0.00264483762403105,1705589.65627214,"riparian","1990_1995"
"554","AIZK","AIZK_10","Grassland",164061.196052381,0.0961903089931754,1705589.65627214,"riparian","1990_1995"
"555","AIZK","AIZK_10","Agriculture",9140.5017641955,0.00535914469848136,1705589.65627214,"riparian","1990_1995"
"556","AIZK","AIZK_10","Shrubland",126809.138280919,0.0743491482928442,1705589.65627214,"riparian","1990_1995"
"557","AIZK","AIZK_10","Nat_forest",920930.444822318,0.539948422784862,1705589.65627214,"riparian","1990_1995"
"558","AIZK","AIZK_10","Plant_forest",472393.649136571,0.276967937393024,1705589.65627214,"riparian","1990_1995"
"559","ARAL","ARAL_01","Urban",55866.7746282151,0.0244435682627002,2285540.88453056,"riparian","1990_1995"
"560","ARAL","ARAL_01","Bare_soil",4395.68137950426,0.00192325650757593,2285540.88453056,"riparian","1990_1995"
"561","ARAL","ARAL_01","Grassland",518251.181521651,0.226752094013884,2285540.88453056,"riparian","1990_1995"
"562","ARAL","ARAL_01","Agriculture",6902.6262247361,0.00302012808935328,2285540.88453056,"riparian","1990_1995"
"563","ARAL","ARAL_01","Shrubland",263068.610962993,0.115101249224437,2285540.88453056,"riparian","1990_1995"
"564","ARAL","ARAL_01","Nat_forest",1101511.65456997,0.481947910897343,2285540.88453056,"riparian","1990_1995"
"565","ARAL","ARAL_01","Plant_forest",335544.355243494,0.146811793004706,2285540.88453056,"riparian","1990_1995"
"566","ARTI","ARTI_10","Water",61869.3736577695,0.0311141926669232,1988461.48187356,"riparian","1995_2000"
"567","ARTI","ARTI_10","Urban",3360.03019514991,0.00168976378259237,1988461.48187356,"riparian","1995_2000"
"568","ARTI","ARTI_10","Grassland",8767.80468643115,0.00440934097359029,1988461.48187356,"riparian","1995_2000"
"569","ARTI","ARTI_10","Shrubland",38685.8389118114,0.0194551613216872,1988461.48187356,"riparian","1995_2000"
"570","ARTI","ARTI_10","Nat_forest",1702410.70383243,0.856144672326461,1988461.48187356,"riparian","1995_2000"
"571","ARTI","ARTI_10","Plant_forest",173367.73058997,0.0871868689287457,1988461.48187356,"riparian","1995_2000"
"572","IZKI","IZKI_10","Urban",213.088084239647,0.00010195952501921,2089928.17688679,"riparian","1995_2000"
"573","IZKI","IZKI_10","Grassland",100574.558111867,0.0481234519081348,2089928.17688679,"riparian","1995_2000"
"574","IZKI","IZKI_10","Agriculture",23056.0916394927,0.0110320019101507,2089928.17688679,"riparian","1995_2000"
"575","IZKI","IZKI_10","Shrubland",200782.453191533,0.0960714609296401,2089928.17688679,"riparian","1995_2000"
"576","IZKI","IZKI_10","Nat_forest",1695223.85058293,0.811139765151251,2089928.17688679,"riparian","1995_2000"
"577","IZKI","IZKI_10","Plant_forest",70078.1352767235,0.033531360575804,2089928.17688679,"riparian","1995_2000"
"578","GORB","GORB_10","Bare_soil",22817.3710031278,0.0186229076071492,1225231.39159904,"riparian","1995_2000"
"579","GORB","GORB_10","Grassland",62965.6994146438,0.0513908636738956,1225231.39159904,"riparian","1995_2000"
"580","GORB","GORB_10","Agriculture",0.200002733618021,1.63236703686639e-07,1225231.39159904,"riparian","1995_2000"
"581","GORB","GORB_10","Shrubland",404081.883223127,0.329800465441684,1225231.39159904,"riparian","1995_2000"
"582","GORB","GORB_10","Nat_forest",581454.993907357,0.474567496306557,1225231.39159904,"riparian","1995_2000"
"583","GORB","GORB_10","Plant_forest",153911.244048054,0.12561810373401,1225231.39159904,"riparian","1995_2000"
"584","AIZK","AIZK_10","Water",2622.48310138272,0.00153758167639235,1705589.46015531,"riparian","1995_2000"
"585","AIZK","AIZK_10","Urban",6651.33019258422,0.00389972519645998,1705589.46015531,"riparian","1995_2000"
"586","AIZK","AIZK_10","Bare_soil",2981.68801555104,0.00174818623426503,1705589.46015531,"riparian","1995_2000"
"587","AIZK","AIZK_10","Grassland",140007.003337965,0.0820871649413315,1705589.46015531,"riparian","1995_2000"
"588","AIZK","AIZK_10","Agriculture",144.988221865604,8.50076910374447e-05,1705589.46015531,"riparian","1995_2000"
"589","AIZK","AIZK_10","Shrubland",120115.984024342,0.0704249098803673,1705589.46015531,"riparian","1995_2000"
"590","AIZK","AIZK_10","Nat_forest",849734.479050374,0.49820575167778,1705589.46015531,"riparian","1995_2000"
"591","AIZK","AIZK_10","Plant_forest",583331.504211241,0.342011672702366,1705589.46015531,"riparian","1995_2000"
"592","ARAL","ARAL_01","Urban",64199.8191306537,0.0279869830474322,2293917.10502873,"riparian","1995_2000"
"593","ARAL","ARAL_01","Bare_soil",8534.05915298409,0.00372029971539762,2293917.10502873,"riparian","1995_2000"
"594","ARAL","ARAL_01","Grassland",501648.490776526,0.218686407489099,2293917.10502873,"riparian","1995_2000"
"595","ARAL","ARAL_01","Agriculture",2352.07605141947,0.00102535355190615,2293917.10502873,"riparian","1995_2000"
"596","ARAL","ARAL_01","Shrubland",244705.220828692,0.106675703447282,2293917.10502873,"riparian","1995_2000"
"597","ARAL","ARAL_01","Nat_forest",930576.625965682,0.405671427239316,2293917.10502873,"riparian","1995_2000"
"598","ARAL","ARAL_01","Plant_forest",541900.813122768,0.236233825509567,2293917.10502873,"riparian","1995_2000"
"599","ARTI","ARTI_10","Water",60170.8400922897,0.0302599971005064,1988461.52867883,"riparian","2000_2005"
"600","ARTI","ARTI_10","Urban",1531.44391359459,0.00077016522145746,1988461.52867883,"riparian","2000_2005"
"601","ARTI","ARTI_10","Grassland",9003.68595462911,0.0045279658795367,1988461.52867883,"riparian","2000_2005"
"602","ARTI","ARTI_10","Shrubland",93709.5471816238,0.0471266583889538,1988461.52867883,"riparian","2000_2005"
"603","ARTI","ARTI_10","Nat_forest",1673696.92829748,0.84170445550914,1988461.52867883,"riparian","2000_2005"
"604","ARTI","ARTI_10","Plant_forest",150349.083239206,0.0756107579004059,1988461.52867883,"riparian","2000_2005"
"605","IZKI","IZKI_10","Grassland",53519.6794004349,0.0256083756090837,2089928.70994327,"riparian","2000_2005"
"606","IZKI","IZKI_10","Agriculture",38200.0667006548,0.0182781673455702,2089928.70994327,"riparian","2000_2005"
"607","IZKI","IZKI_10","Shrubland",328074.047630862,0.156978583082754,2089928.70994327,"riparian","2000_2005"
"608","IZKI","IZKI_10","Nat_forest",1630521.18440033,0.780180288754726,2089928.70994327,"riparian","2000_2005"
"609","IZKI","IZKI_10","Plant_forest",39613.7318109862,0.0189545852078665,2089928.70994327,"riparian","2000_2005"
"610","GORB","GORB_10","Urban",0.2000070232898,1.63240191067055e-07,1225231.49466078,"riparian","2000_2005"
"611","GORB","GORB_10","Bare_soil",16382.4860757369,0.0133709312461582,1225231.49466078,"riparian","2000_2005"
"612","GORB","GORB_10","Grassland",46281.2196849965,0.0377734492515717,1225231.49466078,"riparian","2000_2005"
"613","GORB","GORB_10","Agriculture",1997.62326110196,0.00163040476008578,1225231.49466078,"riparian","2000_2005"
"614","GORB","GORB_10","Shrubland",548595.702365679,0.44774861302236,1225231.49466078,"riparian","2000_2005"
"615","GORB","GORB_10","Nat_forest",537402.624894075,0.438613133302503,1225231.49466078,"riparian","2000_2005"
"616","GORB","GORB_10","Plant_forest",74571.6383721709,0.0608633051771304,1225231.49466078,"riparian","2000_2005"
"617","AIZK","AIZK_10","Water",2062.58063534245,0.00120930670880454,1705589.34332003,"riparian","2000_2005"
"618","AIZK","AIZK_10","Urban",2311.34092183324,0.00135515675615918,1705589.34332003,"riparian","2000_2005"
"619","AIZK","AIZK_10","Grassland",80165.498100181,0.0470016410539562,1705589.34332003,"riparian","2000_2005"
"620","AIZK","AIZK_10","Agriculture",8.8599110793605,5.19463322989235e-06,1705589.34332003,"riparian","2000_2005"
"621","AIZK","AIZK_10","Shrubland",125126.610180175,0.0733626829167499,1705589.34332003,"riparian","2000_2005"
"622","AIZK","AIZK_10","Nat_forest",1031251.38452642,0.604630527603453,1705589.34332003,"riparian","2000_2005"
"623","AIZK","AIZK_10","Plant_forest",464663.069045002,0.272435490327647,1705589.34332003,"riparian","2000_2005"
"624","ARAL","ARAL_01","Urban",60283.7104936996,0.0262798195646962,2293916.45347077,"riparian","2000_2005"
"625","ARAL","ARAL_01","Bare_soil",3181.64113466796,0.00138699085132505,2293916.45347077,"riparian","2000_2005"
"626","ARAL","ARAL_01","Grassland",349213.279224068,0.152234523927712,2293916.45347077,"riparian","2000_2005"
"627","ARAL","ARAL_01","Agriculture",5777.45806568957,0.00251860003748092,2293916.45347077,"riparian","2000_2005"
"628","ARAL","ARAL_01","Shrubland",379483.958916687,0.165430592880798,2293916.45347077,"riparian","2000_2005"
"629","ARAL","ARAL_01","Nat_forest",1008175.39433102,0.439499613338409,2293916.45347077,"riparian","2000_2005"
"630","ARAL","ARAL_01","Plant_forest",487801.011304939,0.212649859399579,2293916.45347077,"riparian","2000_2005"
"631","ARTI","ARTI_10","Water",62731.1004749463,0.031547555817451,1988461.50991659,"riparian","2005_2010"
"632","ARTI","ARTI_10","Urban",1531.44391359459,0.0007701652287244,1988461.50991659,"riparian","2005_2010"
"633","ARTI","ARTI_10","Grassland",12792.0701517273,0.00643314949167103,1988461.50991659,"riparian","2005_2010"
"634","ARTI","ARTI_10","Shrubland",86350.9401039019,0.0434260053178119,1988461.50991659,"riparian","2005_2010"
"635","ARTI","ARTI_10","Nat_forest",1760075.61899492,0.885144424580162,1988461.50991659,"riparian","2005_2010"
"636","ARTI","ARTI_10","Plant_forest",64980.3362774995,0.0326786995641798,1988461.50991659,"riparian","2005_2010"
"637","IZKI","IZKI_10","Grassland",62934.8619929663,0.0301133945520534,2089929.18032467,"riparian","2005_2010"
"638","IZKI","IZKI_10","Agriculture",34438.5866952057,0.0164783510462568,2089929.18032467,"riparian","2005_2010"
"639","IZKI","IZKI_10","Shrubland",203321.035592098,0.0972860886896233,2089929.18032467,"riparian","2005_2010"
"640","IZKI","IZKI_10","Nat_forest",1746542.61494982,0.835694640465518,2089929.18032467,"riparian","2005_2010"
"641","IZKI","IZKI_10","Plant_forest",42692.0810945816,0.020427525246549,2089929.18032467,"riparian","2005_2010"
"642","GORB","GORB_10","Bare_soil",26468.6578758446,0.0216029861936054,1225231.43970159,"riparian","2005_2010"
"643","GORB","GORB_10","Grassland",83400.3356029098,0.0680690463046088,1225231.43970159,"riparian","2005_2010"
"644","GORB","GORB_10","Agriculture",0.200000647604168,1.63234994731183e-07,1225231.43970159,"riparian","2005_2010"
"645","GORB","GORB_10","Shrubland",472821.585352985,0.385903895404564,1225231.43970159,"riparian","2005_2010"
"646","GORB","GORB_10","Nat_forest",574141.516236511,0.468598419557652,1225231.43970159,"riparian","2005_2010"
"647","GORB","GORB_10","Plant_forest",68399.14463269,0.055825489304575,1225231.43970159,"riparian","2005_2010"
"648","AIZK","AIZK_10","Water",1964.52520750619,0.00115181599926899,1705589.44202285,"riparian","2005_2010"
"649","AIZK","AIZK_10","Bare_soil",1123.93454588368,0.00065897133166506,1705589.44202285,"riparian","2005_2010"
"650","AIZK","AIZK_10","Grassland",108370.108829515,0.0635382150941241,1705589.44202285,"riparian","2005_2010"
"651","AIZK","AIZK_10","Shrubland",137934.461777814,0.0808720190095819,1705589.44202285,"riparian","2005_2010"
"652","AIZK","AIZK_10","Nat_forest",869273.705714896,0.509661753466254,1705589.44202285,"riparian","2005_2010"
"653","AIZK","AIZK_10","Plant_forest",586922.705947236,0.344117225099106,1705589.44202285,"riparian","2005_2010"
"654","ARAL","ARAL_01","Urban",37825.1415233623,0.016489322842533,2293917.21446529,"riparian","2005_2010"
"655","ARAL","ARAL_01","Bare_soil",17269.2298334556,0.00752827073468777,2293917.21446529,"riparian","2005_2010"
"656","ARAL","ARAL_01","Grassland",471210.036470851,0.205417193567157,2293917.21446529,"riparian","2005_2010"
"657","ARAL","ARAL_01","Agriculture",1787.12434245778,0.00077907098442275,2293917.21446529,"riparian","2005_2010"
"658","ARAL","ARAL_01","Shrubland",326969.413298497,0.142537582104816,2293917.21446529,"riparian","2005_2010"
"659","ARAL","ARAL_01","Nat_forest",960016.825517006,0.418505436666678,2293917.21446529,"riparian","2005_2010"
"660","ARAL","ARAL_01","Plant_forest",478839.443479664,0.208743123099706,2293917.21446529,"riparian","2005_2010"
"661","ARTI","ARTI_10","Water",61530.2544599482,0.0309436492041308,1988461.47893036,"riparian","2010_2015"
"662","ARTI","ARTI_10","Urban",2184.75176545116,0.00109871465381687,1988461.47893036,"riparian","2010_2015"
"663","ARTI","ARTI_10","Bare_soil",519.625448018312,0.00026132034918666,1988461.47893036,"riparian","2010_2015"
"664","ARTI","ARTI_10","Grassland",6141.04142205187,0.00308833813836578,1988461.47893036,"riparian","2010_2015"
"665","ARTI","ARTI_10","Shrubland",98440.1035548065,0.0495056628443009,1988461.47893036,"riparian","2010_2015"
"666","ARTI","ARTI_10","Nat_forest",1770237.2992507,0.890254761285569,1988461.47893036,"riparian","2010_2015"
"667","ARTI","ARTI_10","Plant_forest",49408.4030293867,0.0248475535246298,1988461.47893036,"riparian","2010_2015"
"668","IZKI","IZKI_10","Grassland",38785.2890725695,0.01855818633762,2089928.85225786,"riparian","2010_2015"
"669","IZKI","IZKI_10","Agriculture",15497.3770416763,0.00741526536893049,2089928.85225786,"riparian","2010_2015"
"670","IZKI","IZKI_10","Shrubland",240600.820509822,0.115123928860013,2089928.85225786,"riparian","2010_2015"
"671","IZKI","IZKI_10","Nat_forest",1750664.9640605,0.83766725463844,2089928.85225786,"riparian","2010_2015"
"672","IZKI","IZKI_10","Plant_forest",44380.4015732847,0.0212353647949969,2089928.85225786,"riparian","2010_2015"
"673","GORB","GORB_10","Bare_soil",21931.6879830857,0.0179000347069445,1225231.58989055,"riparian","2010_2015"
"674","GORB","GORB_10","Grassland",46541.9750388529,0.0379862675945291,1225231.58989055,"riparian","2010_2015"
"675","GORB","GORB_10","Shrubland",485892.921570563,0.396572309741024,1225231.58989055,"riparian","2010_2015"
"676","GORB","GORB_10","Nat_forest",593402.799768759,0.484318886865924,1225231.58989055,"riparian","2010_2015"
"677","GORB","GORB_10","Plant_forest",77462.2055292923,0.0632225010915788,1225231.58989055,"riparian","2010_2015"
"678","AIZK","AIZK_10","Urban",1696.72491390497,0.00099480263660184,1705589.4822523,"riparian","2010_2015"
"679","AIZK","AIZK_10","Bare_soil",2415.87529527176,0.001416445938727,1705589.4822523,"riparian","2010_2015"
"680","AIZK","AIZK_10","Grassland",76838.7148041385,0.0450511190434112,1705589.4822523,"riparian","2010_2015"
"681","AIZK","AIZK_10","Shrubland",137482.723187717,0.0806071593535893,1705589.4822523,"riparian","2010_2015"
"682","AIZK","AIZK_10","Nat_forest",999499.345541225,0.586014017992973,1705589.4822523,"riparian","2010_2015"
"683","AIZK","AIZK_10","Plant_forest",487656.098510043,0.285916455034698,1705589.4822523,"riparian","2010_2015"
"684","ARAL","ARAL_01","Urban",47896.975615581,0.0208807786246369,2293830.91869324,"riparian","2010_2015"
"685","ARAL","ARAL_01","Bare_soil",10286.6893823446,0.00448450201735216,2293830.91869324,"riparian","2010_2015"
"686","ARAL","ARAL_01","Grassland",427712.066686861,0.186461897954764,2293830.91869324,"riparian","2010_2015"
"687","ARAL","ARAL_01","Agriculture",1628.75595419609,0.00071005929030025,2293830.91869324,"riparian","2010_2015"
"688","ARAL","ARAL_01","Shrubland",324823.768115631,0.141607546340285,2293830.91869324,"riparian","2010_2015"
"689","ARAL","ARAL_01","Nat_forest",1075594.4072938,0.468907450208468,2293830.91869324,"riparian","2010_2015"
"690","ARAL","ARAL_01","Plant_forest",405888.255644832,0.176947765564194,2293830.91869324,"riparian","2010_2015"
"691","ARTI","ARTI_10","Water",56716.1452519948,0.0285226259743098,1988461.55690849,"riparian","2015_2019"
"692","ARTI","ARTI_10","Urban",5212.79827932806,0.00262152328830159,1988461.55690849,"riparian","2015_2019"
"693","ARTI","ARTI_10","Bare_soil",2157.81876072266,0.00108516996631178,1988461.55690849,"riparian","2015_2019"
"694","ARTI","ARTI_10","Grassland",6961.39248477355,0.00350089367359789,1988461.55690849,"riparian","2015_2019"
"695","ARTI","ARTI_10","Shrubland",112360.834474577,0.0565064152657127,1988461.55690849,"riparian","2015_2019"
"696","ARTI","ARTI_10","Nat_forest",1745425.29184393,0.877776734370255,1988461.55690849,"riparian","2015_2019"
"697","ARTI","ARTI_10","Plant_forest",59627.2758131669,0.0299866374615111,1988461.55690849,"riparian","2015_2019"
"698","IZKI","IZKI_10","Grassland",25138.0934337902,0.0120282076820532,2089928.4497139,"riparian","2015_2019"
"699","IZKI","IZKI_10","Agriculture",16197.8861840258,0.00775045011050171,2089928.4497139,"riparian","2015_2019"
"700","IZKI","IZKI_10","Shrubland",246558.307358653,0.117974520798741,2089928.4497139,"riparian","2015_2019"
"701","IZKI","IZKI_10","Nat_forest",1755571.12773484,0.840014943083419,2089928.4497139,"riparian","2015_2019"
"702","IZKI","IZKI_10","Plant_forest",46463.0350025918,0.0222318783252854,2089928.4497139,"riparian","2015_2019"
"703","GORB","GORB_10","Bare_soil",18952.9322932969,0.0154688606854936,1225231.30039373,"riparian","2015_2019"
"704","GORB","GORB_10","Grassland",66516.7646026776,0.0542891489805249,1225231.30039373,"riparian","2015_2019"
"705","GORB","GORB_10","Agriculture",0.200005506779701,1.63238979215948e-07,1225231.30039373,"riparian","2015_2019"
"706","GORB","GORB_10","Shrubland",459667.275594422,0.375167754404173,1225231.30039373,"riparian","2015_2019"
"707","GORB","GORB_10","Nat_forest",589689.27358903,0.481288123637986,1225231.30039373,"riparian","2015_2019"
"708","GORB","GORB_10","Plant_forest",90404.8543088005,0.0737859490528429,1225231.30039373,"riparian","2015_2019"
"709","AIZK","AIZK_10","Urban",2311.34092183324,0.0013551567591279,1705589.33958362,"riparian","2015_2019"
"710","AIZK","AIZK_10","Bare_soil",3183.93970644497,0.00186676806224777,1705589.33958362,"riparian","2015_2019"
"711","AIZK","AIZK_10","Grassland",61331.2598093926,0.0359589840215377,1705589.33958362,"riparian","2015_2019"
"712","AIZK","AIZK_10","Shrubland",171907.829549422,0.100790867742753,1705589.33958362,"riparian","2015_2019"
"713","AIZK","AIZK_10","Nat_forest",1055863.90200148,0.619061035090221,1705589.33958362,"riparian","2015_2019"
"714","AIZK","AIZK_10","Plant_forest",410991.067595045,0.240967188324112,1705589.33958362,"riparian","2015_2019"
"715","ARAL","ARAL_01","Urban",55277.6910134455,0.0240975114551569,2293916.99289413,"riparian","2015_2019"
"716","ARAL","ARAL_01","Bare_soil",7385.58383399511,0.00321963866036715,2293916.99289413,"riparian","2015_2019"
"717","ARAL","ARAL_01","Grassland",314565.460831899,0.137130271847817,2293916.99289413,"riparian","2015_2019"
"718","ARAL","ARAL_01","Shrubland",394582.217127015,0.172012421700224,2293916.99289413,"riparian","2015_2019"
"719","ARAL","ARAL_01","Nat_forest",1226102.26335104,0.534501582729076,2293916.99289413,"riparian","2015_2019"
"720","ARAL","ARAL_01","Plant_forest",296003.776736742,0.129038573607359,2293916.99289413,"riparian","2015_2019"
"721","ARTI","ARTI_10","Urban",11145.2852790368,0.00560497893093708,1988461.58323978,"riparian","2019_2023"
"722","ARTI","ARTI_10","Bare_soil",11462.7094080138,0.00576461195158604,1988461.58323978,"riparian","2019_2023"
"723","ARTI","ARTI_10","Grassland",6941.19156979423,0.00349073455997325,1988461.58323978,"riparian","2019_2023"
"724","ARTI","ARTI_10","Shrubland",79700.6993730634,0.0400815887240868,1988461.58323978,"riparian","2019_2023"
"725","ARTI","ARTI_10","Nat_forest",1786650.31534012,0.898508842413311,1988461.58323978,"riparian","2019_2023"
"726","ARTI","ARTI_10","Plant_forest",92561.3822697575,0.0465492434201058,1988461.58323978,"riparian","2019_2023"
"727","IZKI","IZKI_10","Grassland",39414.9941132373,0.0188594863359104,2089929.35497863,"riparian","2019_2023"
"728","IZKI","IZKI_10","Agriculture",27256.760850304,0.0130419532054388,2089929.35497863,"riparian","2019_2023"
"729","IZKI","IZKI_10","Shrubland",194030.803323583,0.0928408430942238,2089929.35497863,"riparian","2019_2023"
"730","IZKI","IZKI_10","Nat_forest",1778567.29003066,0.851017899621229,2089929.35497863,"riparian","2019_2023"
"731","IZKI","IZKI_10","Plant_forest",50659.5066608411,0.0242398177431979,2089929.35497863,"riparian","2019_2023"
"732","GORB","GORB_10","Bare_soil",21901.3193379424,0.0178752491771584,1225231.55458603,"riparian","2019_2023"
"733","GORB","GORB_10","Grassland",35377.6118313969,0.0288742252017416,1225231.55458603,"riparian","2019_2023"
"734","GORB","GORB_10","Shrubland",604000.932817696,0.492968802963756,1225231.55458603,"riparian","2019_2023"
"735","GORB","GORB_10","Nat_forest",404927.085237588,0.330490252003346,1225231.55458603,"riparian","2019_2023"
"736","GORB","GORB_10","Plant_forest",159024.605361406,0.129791470653999,1225231.55458603,"riparian","2019_2023"
"737","AIZK","AIZK_10","Urban",3339.23487250491,0.00195781862594687,1705589.49039007,"riparian","2019_2023"
"738","AIZK","AIZK_10","Bare_soil",541.470647098642,0.00031746832995248,1705589.49039007,"riparian","2019_2023"
"739","AIZK","AIZK_10","Grassland",82403.7188731041,0.0483139227448325,1705589.49039007,"riparian","2019_2023"
"740","AIZK","AIZK_10","Shrubland",99036.5216041054,0.0580658606083786,1705589.49039007,"riparian","2019_2023"
"741","AIZK","AIZK_10","Nat_forest",1057291.78981796,0.619898161764677,1705589.49039007,"riparian","2019_2023"
"742","AIZK","AIZK_10","Plant_forest",462976.754575301,0.271446767926213,1705589.49039007,"riparian","2019_2023"
"743","ARAL","ARAL_01","Urban",48825.9481955021,0.0212849678921477,2293916.92968044,"riparian","2019_2023"
"744","ARAL","ARAL_01","Bare_soil",23004.8732328277,0.010028642683252,2293916.92968044,"riparian","2019_2023"
"745","ARAL","ARAL_01","Grassland",331344.777667832,0.144444976790851,2293916.92968044,"riparian","2019_2023"
"746","ARAL","ARAL_01","Agriculture",1586.91920931252,0.00069179454093553,2293916.92968044,"riparian","2019_2023"
"747","ARAL","ARAL_01","Shrubland",310331.157973147,0.135284392367416,2293916.92968044,"riparian","2019_2023"
"748","ARAL","ARAL_01","Nat_forest",1262298.83733693,0.550280971819138,2293916.92968044,"riparian","2019_2023"
"749","ARAL","ARAL_01","Plant_forest",316524.416064892,0.137984253906259,2293916.92968044,"riparian","2019_2023"
